{"cameraMode":{"drawMode":0,"name":"Shaded","section":"Shading Mode"},"sceneLighting":true,"audioPlay":false,"sceneViewState":{"showFog":true,"showMaterialUpdate":false,"showSkybox":true,"showFlares":true,"showImageEffects":true,"showParticleSystems":true},"in2DMode":false,"pivot":{"x":557.772705078125,"y":-65.1595458984375,"z":681.8053588867188},"rotation":{"x":-0.11399112641811371,"y":0.03486199676990509,"z":-0.004000064916908741,"w":-0.992865800857544},"size":520.5137329101563,"orthographic":false}