{"cameraMode":{"drawMode":0,"name":"Shaded","section":"Shading Mode"},"sceneLighting":false,"audioPlay":false,"sceneViewState":{"showFog":true,"showMaterialUpdate":false,"showSkybox":false,"showFlares":true,"showImageEffects":true,"showParticleSystems":true},"in2DMode":false,"pivot":{"x":-1.1716175079345704,"y":-2.1377763748168947,"z":-3.811354160308838},"rotation":{"x":0.13343657553195954,"y":0.8616346716880798,"z":-0.2931241989135742,"w":0.392267644405365},"size":0.21650634706020356,"orthographic":false}