{"cameraMode":{"drawMode":0,"name":"Shaded","section":"Shading Mode"},"sceneLighting":false,"audioPlay":false,"sceneViewState":{"showFog":true,"showMaterialUpdate":false,"showSkybox":false,"showFlares":true,"showImageEffects":true,"showParticleSystems":true},"in2DMode":false,"pivot":{"x":321.89959716796877,"y":107.52103424072266,"z":-300.0944519042969},"rotation":{"x":0.13343657553195954,"y":0.8616346716880798,"z":-0.2931241989135742,"w":0.392267644405365},"size":1.2247449159622193,"orthographic":false}