{"cameraMode":{"drawMode":0,"name":"Shaded","section":"Shading Mode"},"sceneLighting":true,"audioPlay":false,"sceneViewState":{"showFog":true,"showMaterialUpdate":false,"showSkybox":true,"showFlares":true,"showImageEffects":true,"showParticleSystems":true},"in2DMode":false,"pivot":{"x":-6.925660133361816,"y":2.7187893390655519,"z":0.0},"rotation":{"x":-0.23761342465877534,"y":0.3277783989906311,"z":-0.08555188775062561,"w":-0.9103760719299316},"size":1.6131415367126465,"orthographic":false}