{"cameraMode":{"drawMode":0,"name":"Shaded","section":"Shading Mode"},"sceneLighting":true,"audioPlay":false,"sceneViewState":{"showFog":true,"showMaterialUpdate":false,"showSkybox":true,"showFlares":true,"showImageEffects":true,"showParticleSystems":true},"in2DMode":false,"pivot":{"x":0.390106201171875,"y":-0.2934246063232422,"z":5.010586738586426},"rotation":{"x":-0.13904336094856263,"y":0.3168807625770569,"z":-0.04702029749751091,"w":-0.9370429515838623},"size":13.12673282623291,"orthographic":false}